101,Manish1,21,8000,Tester,Testing,P11,Insurance,Mohan,Bangalore,Karnataka
102,Manish2,22,8001,Tester,Testing,P11,Insurance,Mohan,Bangalore,Karnataka
103,Manish3,23,8002,Tester,Testing,P11,Insurance,Mohan,Bangalore,Karnataka
104,Manish4,24,8003,Tester,Testing,P11,Insurance,Mohan,Bangalore,Karnataka
105,Manish5,25,8004,Tester,Testing,P11,Insurance,Mohan,Bangalore,Karnataka
106,Manish6,26,8005,Tester,Testing,P11,Insurance,Mohan,Bangalore,Karnataka
107,Manish7,27,8006,Tester,Testing,P11,Insurance,Mohan,Bangalore,Karnataka
108,Manish8,28,8007,Tester,Testing,P11,Insurance,Mohan,Bangalore,Karnataka
109,Manish9,29,8008,Tester,Testing,P11,Insurance,Mohan,Bangalore,Karnataka
110,Manish10,30,8009,Tester,Testing,P11,Insurance,Mohan,Bangalore,Karnataka
111,Manish11,31,8010,,Testing,P11,Insurance,Mohan,Bangalore,Karnataka
112,Manish12,32,8011,Tester,Testing,P11,Insurance,Mohan,Bangalore,Karnataka
113,Manish13,21,8012,Tester,Testing,P11,Insurance,Mohan,Bangalore,Karnataka
114,Manish14,22,8013,Tester,Testing,P11,Insurance,Mohan,Bangalore,Karnataka
115,Manish15,23,8014,Tester,Testing,P11,Insurance,Mohan,Bangalore,Karnataka
116,Manish16,24,8015,Clerk,Marketing,P12,Finance,Sanjeev,Chennai,Tamil Nadu
117,Manish17,25,8016,,Marketing,P12,Finance,Sanjeev,Chennai,Tamil Nadu
118,Manish18,26,8017,Clerk,Marketing,P12,Finance,Sanjeev,Chennai,Tamil Nadu
119,Manish19,27,8018,Clerk,Marketing,P12,Finance,Sanjeev,Chennai,Tamil Nadu
120,Manish20,28,8019,Clerk,Marketing,P12,Finance,Sanjeev,Chennai,Tamil Nadu
121,Sam1,29,8020,Clerk,Marketing,P12,Finance,Sanjeev,Chennai,Tamil Nadu
122,Sam2,30,8021,Clerk,Marketing,P12,Finance,Sanjeev,Chennai,Tamil Nadu
123,Sam3,31,8022,,Marketing,P12,Finance,Sanjeev,Chennai,Tamil Nadu
124,Sam4,32,8023,Clerk,Marketing,P12,Finance,Sanjeev,Chennai,Tamil Nadu
125,Sam5,33,8024,Clerk,Marketing,P12,Finance,Sanjeev,Chennai,Tamil Nadu
126,Sam6,34,8025,Clerk,Marketing,P12,Finance,Sanjeev,Chennai,Tamil Nadu
127,Sam7,35,8026,Clerk,Marketing,P12,Finance,Sanjeev,Chennai,Tamil Nadu
128,Sam8,36,8027,Clerk,Marketing,P12,Finance,Sanjeev,Chennai,Tamil Nadu
129,Sam9,37,8028,Clerk,Marketing,P12,Finance,Sanjeev,Chennai,Tamil Nadu
130,Sam10,38,8029,Clerk,Marketing,P12,Finance,Sanjeev,Chennai,Tamil Nadu
131,Sam11,25,8030,Clerk,Marketing,P12,Finance,Sanjeev,Chennai,Tamil Nadu
132,Sam12,26,8031,Clerk,Marketing,P12,Finance,Sanjeev,Chennai,Tamil Nadu
133,Sam13,27,8032,Clerk,Marketing,P12,Finance,Sanjeev,Chennai,Tamil Nadu
134,Sam14,28,8033,Clerk,Marketing,P12,Finance,Sanjeev,Chennai,Tamil Nadu
135,Sam15,29,8034,Clerk,Marketing,P12,Finance,Sanjeev,Chennai,Tamil Nadu
136,Sam16,30,8035,Clerk,Marketing,P12,Finance,Sanjeev,Chennai,Tamil Nadu
137,Sam17,31,8036,Clerk,Marketing,P12,Finance,Sanjeev,Chennai,Tamil Nadu
138,Sam18,32,8037,Clerk,Marketing,P12,Finance,Sanjeev,Chennai,Tamil Nadu
139,Sam19,33,8038,Clerk,Marketing,P12,Finance,Sanjeev,Chennai,Tamil Nadu
140,Sam20,34,8039,Clerk,Marketing,P12,Finance,Sanjeev,Chennai,Tamil Nadu
141,Sanjeev1,35,8040,Clerk,Marketing,P12,Finance,Sanjeev,Chennai,Tamil Nadu
142,Sanjeev2,36,8041,Clerk,Marketing,P12,Finance,Sanjeev,Chennai,Tamil Nadu
143,Sanjeev3,37,8042,Programmer,Development,P13,Health,Shubham,Pune,Maharastra
144,Sanjeev4,38,8043,Programmer,Development,P13,Health,Shubham,Pune,Maharastra
145,Sanjeev5,39,8044,Programmer,Development,P13,Health,Shubham,Pune,Maharastra
146,Sanjeev6,40,8045,Programmer,Development,P13,Health,Shubham,Pune,Maharastra
147,Sanjeev7,41,8046,Programmer,Development,P13,Health,Shubham,Pune,Maharastra
148,Sanjeev8,21,8047,Programmer,Development,P13,Health,Shubham,Pune,Maharastra
149,Sanjeev9,22,8048,Programmer,Development,P13,Health,Shubham,Pune,Maharastra
150,Sanjeev10,23,8049,Programmer,Development,P13,Health,Shubham,Pune,Maharastra
151,Sanjeev11,24,8050,Programmer,Development,P13,Health,Shubham,Pune,Maharastra
152,Sanjeev12,25,8051,Programmer,Development,P13,Health,Shubham,Pune,Maharastra
153,Sanjeev13,26,8052,,Development,P13,Health,Shubham,Pune,Maharastra
154,Sanjeev14,27,8053,Programmer,Development,P13,Health,Shubham,Pune,Maharastra
155,Sanjeev15,28,8054,Programmer,Development,P13,Health,Shubham,Pune,Maharastra
156,Sanjeev16,29,8055,,Development,P13,Health,Shubham,Pune,Maharastra
157,Sanjeev17,30,8056,Programmer,Development,P13,Health,Shubham,Pune,Maharastra
158,Sanjeev18,31,8057,Programmer,Development,P13,Health,Shubham,Pune,Maharastra
159,Sanjeev19,32,8058,Programmer,Development,P13,Health,Shubham,Pune,Maharastra
160,Sanjeev20,33,8059,Programmer,Development,P13,Health,Shubham,Pune,Maharastra
161,Sanjeev21,34,8060,Programmer,Development,P13,Health,Shubham,Pune,Maharastra
162,Sanjeev22,35,8061,Programmer,Development,P13,Health,Shubham,Pune,Maharastra
163,Sanjeev23,36,8062,Programmer,Development,P13,Health,Shubham,Pune,Maharastra
164,Sanjeev24,37,8063,Programmer,Development,P13,Health,Shubham,Pune,Maharastra
165,Sanjeev25,38,8064,Programmer,Development,P13,Health,Shubham,Pune,Maharastra
166,Sanjeev26,39,8065,Programmer,Development,P13,Health,Shubham,Pune,Maharastra
167,Sanjeev27,40,8066,,Development,P13,Health,Shubham,Pune,Maharastra
168,Sanjeev28,41,8067,Programmer,Development,P13,Health,Shubham,Pune,Maharastra
169,Sanjeev29,42,8068,Programmer,Development,P13,Health,Shubham,Pune,Maharastra
170,Sanjeev30,43,8069,Programmer,Development,P13,Health,Shubham,Pune,Maharastra
171,MJ1,25,8070,Programmer,Development,P13,Health,Shubham,Pune,Maharastra
172,MJ2,26,8071,Programmer,Development,P13,Health,Shubham,Pune,Maharastra
173,MJ3,27,8072,Programmer,Development,P13,Health,Shubham,Pune,Maharastra
174,MJ4,28,8073,Programmer,Development,P13,Health,Shubham,Pune,Maharastra
175,MJ5,29,8074,,Development,P13,Health,Shubham,Pune,Maharastra
176,MJ6,30,8075,Programmer,Development,P13,Health,Shubham,Pune,Maharastra
177,MJ7,31,8076,Programmer,Development,P13,Health,Shubham,Pune,Maharastra
178,MJ8,32,8077,Programmer,Development,P13,Health,Shubham,Pune,Maharastra
179,MJ9,33,8078,Employee,Sales,P14,Cloud,Rajeev,Noida,UP
180,MJ10,34,8079,Employee,Sales,P14,Cloud,Rajeev,Noida,UP
181,MJ11,35,8080,Employee,Sales,P14,Cloud,Rajeev,Noida,UP
182,MJ12,36,8081,,Sales,P14,Cloud,Rajeev,Noida,UP
183,MJ13,37,8082,Employee,Sales,P14,Cloud,Rajeev,Noida,UP
184,MJ14,38,8083,Employee,Sales,P14,Cloud,Rajeev,Noida,UP
185,MJ15,39,8084,,Sales,P14,Cloud,Rajeev,Noida,UP
186,MJ16,40,8085,Employee,Sales,P14,Cloud,Rajeev,Noida,UP
187,MJ17,41,8086,Employee,Sales,P14,Cloud,Rajeev,Noida,UP
188,MJ18,77,8087,Employee,Sales,P14,Cloud,Rajeev,Noida,UP
189,MJ19,43,8088,Employee,Sales,P14,Cloud,Rajeev,Noida,UP
190,MJ20,44,8089,Employee,Sales,P14,Cloud,Rajeev,Noida,UP
191,MJ21,45,8090,Employee,Sales,P14,Cloud,Rajeev,Noida,UP
192,MJ22,46,8091,Employee,Sales,P14,Cloud,Rajeev,Noida,UP
193,MJ23,47,8092,Employee,Sales,P14,Cloud,Rajeev,Noida,UP
194,MJ24,48,8093,Employee,Sales,P14,Cloud,Rajeev,Noida,UP
195,MJ25,49,8094,,Sales,P14,Cloud,Rajeev,Noida,UP
196,MJ26,50,8095,Employee,Sales,P14,Cloud,Rajeev,Noida,UP
197,MJ27,51,8096,Employee,Sales,P14,Cloud,Rajeev,Noida,UP
198,MJ28,52,8097,Employee,Sales,P14,Cloud,Rajeev,Noida,UP
199,MJ29,53,8098,Employee,Sales,P14,Cloud,Rajeev,Noida,UP
200,MJ30,54,8099,Employee,Sales,P14,Cloud,Rajeev,Noida,UP
